{"cameraMode":{"drawMode":0,"name":"Shaded","section":"Shading Mode"},"sceneLighting":true,"audioPlay":false,"sceneViewState":{"m_AlwaysRefresh":false,"showFog":true,"showSkybox":true,"showFlares":true,"showImageEffects":true,"showParticleSystems":true,"showVisualEffectGraphs":true,"m_FxEnabled":true},"in2DMode":false,"pivot":{"x":12.919177055358887,"y":0.5189220905303955,"z":16.897991180419923},"rotation":{"x":0.11106839030981064,"y":0.26495447754859927,"z":-0.030738990753889085,"w":0.9573503732681274},"size":2.313922643661499,"orthographic":false}